{
    "rmse": 0.6938869651768633,
    "mae": 0.5328257440689598,
    "r2": 0.23251148920769904
}