{
    "rmse": 0.7102487941368336,
    "mae": 0.579987563295149,
    "r2": 0.12931460699404318
}