{
    "rmse": 0.7392467607710771,
    "mae": 0.6058159929875996,
    "r2": 0.14020488780596263
}